scenario,family,server,workers,baseline_rps,fastdrf_rps,rps_change_percent,baseline_p99_ms,fastdrf_p99_ms
json,drf,gunicorn-gthread,1,5207.533389141867,6119.950908895434,17.52110743362745,45.316855000000004,40.683948
json,drf,granian-wsgi,1,9467.853949480785,12506.498374245646,32.094331418488984,12.969439,11.858715
json,aiodrf,uvicorn,1,2421.9719652806134,4521.192454221438,86.6740209644667,65.76504800000001,42.211622
json,aiodrf,granian-asgi,1,2414.0211496339343,4145.02845393148,71.70638519716523,55.226612,43.413236
json-10k,drf,gunicorn-gthread,1,4861.508174228735,5912.641495345002,21.62154795271998,48.290179,42.294904
json-10k,drf,granian-wsgi,1,8396.315941880439,11793.242017694398,40.457339853902454,15.410798,11.855568
json-10k,aiodrf,uvicorn,1,2283.5624264881494,4366.702429386532,91.22325620421101,65.898802,42.953646
json-10k,aiodrf,granian-asgi,1,2322.4995914015176,3917.5330058535665,68.67744650450175,55.311467,44.660523
db,drf,gunicorn-gthread,1,1654.359048050909,1992.1177930295323,20.416290247063085,63.322347,37.818681
db,drf,granian-wsgi,1,1955.6294224272815,2396.0467364725337,22.520489260108214,40.569802,29.455365
db,aiodrf,uvicorn,1,1081.4799088889508,1732.9985713354579,60.243251593627775,91.091775,45.080771
db,aiodrf,granian-asgi,1,1089.3041368905726,1693.5343155748699,55.46937335692832,91.559683,52.321665
articles,drf,gunicorn-gthread,1,426.34484145623685,587.1274725356511,37.71187439027997,198.556301,131.545898
articles,drf,granian-wsgi,1,457.6413076496751,618.8589029743652,35.22793782594955,175.699016,118.948757
articles,aiodrf,uvicorn,1,342.3405607406532,500.76346371799195,46.27640459389069,224.846911,170.643463
articles,aiodrf,granian-asgi,1,346.7857161888849,500.66080592166134,44.37180730043817,228.61779700000002,164.28263900000002
article-detail,drf,gunicorn-gthread,1,770.5870287214849,973.2073718803878,26.294284176451722,113.903176,78.441518
article-detail,drf,granian-wsgi,1,838.8792475064442,1074.421072124515,28.07815610151463,100.784019,65.994276
article-detail,aiodrf,uvicorn,1,579.2635324941369,897.6726410212295,54.967918860025144,157.171622,110.58590699999999
article-detail,aiodrf,granian-asgi,1,575.3119461573124,890.6972589456127,54.819879005617224,154.0602,105.209551
article-create,drf,gunicorn-gthread,1,363.7049545553587,428.6268955859436,17.850166795212917,212.714423,174.965433
article-create,drf,granian-wsgi,1,381.45383284681554,453.36113095144935,18.85085216420157,193.422817,159.50118999999998
article-create,aiodrf,uvicorn,1,304.5731771587585,388.5316034071445,27.565929157518276,283.61545,201.643632
article-create,aiodrf,granian-asgi,1,303.15163209129577,387.9365782469544,27.967834304822482,272.141125,199.0422
jwt-article,drf,gunicorn-gthread,1,574.342694993271,722.4529906437936,25.78779132069535,145.506316,105.936291
jwt-article,drf,granian-wsgi,1,618.0060215025011,780.3770078864793,26.273366396854936,129.69351400000002,92.980065
jwt-article,aiodrf,uvicorn,1,428.78721237916477,637.9814153995396,48.78741645760418,192.091597,132.60391299999998
jwt-article,aiodrf,granian-asgi,1,420.93808727505575,631.3307489415769,49.98185434549265,188.10323400000001,129.183428
jwt-articles,drf,gunicorn-gthread,1,358.1577471381625,465.0926450596676,29.856927227167862,237.594592,160.88118300000002
jwt-articles,drf,granian-wsgi,1,382.4322962542871,492.52350663248916,28.787111197585702,205.061568,144.082999
jwt-articles,aiodrf,uvicorn,1,292.4780221148518,386.04513788079674,31.991161280898737,270.793814,207.678033
jwt-articles,aiodrf,granian-asgi,1,296.3013576549719,386.81363768228516,30.5473726963851,266.686404,210.629908
