scenario,profile,workers,baseline_server,granian_server,baseline_rps,granian_rps,rps_change_percent,baseline_p99_ms,granian_p99_ms,p99_change_percent
json,fastapi,1,uvicorn,granian-asgi,23568.009192274578,24468.975455721687,3.8228356756685233,3.028458,3.050549,0.729447131180283
json,litestar,1,uvicorn,granian-asgi,35572.4780592795,37602.63956847794,5.707112970356731,2.205235,1.9859830000000003,-9.942341745891014
json,ninja,1,uvicorn,granian-asgi,2542.729093274003,2519.765191228679,-0.9031202775815816,65.644689,54.573716000000005,-16.86499421148906
json,drf,1,gunicorn-gthread,granian-wsgi,5207.533389141867,9467.853949480785,81.81072000847915,45.316855000000004,12.969439,-71.38054041923255
json,drf-fastdrf,1,gunicorn-gthread,granian-wsgi,6119.950908895434,12506.498374245646,104.35618782607024,40.683948,11.858715,-70.85161204119129
json,aiodrf,1,uvicorn,granian-asgi,2421.9719652806134,2414.0211496339343,-0.3282785994493498,65.76504800000001,55.226612,-16.024372095037474
json,aiodrf-fastdrf,1,uvicorn,granian-asgi,4521.192454221438,4145.02845393148,-8.320017431214065,42.211622,43.413236,2.8466425668267403
json-10k,fastapi,1,uvicorn,granian-asgi,20870.865116038298,21951.687107244266,5.1786161483809545,3.621678,3.314501,-8.481620950288793
json-10k,litestar,1,uvicorn,granian-asgi,31093.444608507358,32603.608553015754,4.856856368030726,2.372581,2.331086,-1.7489392353727817
json-10k,ninja,1,uvicorn,granian-asgi,2423.6275590674954,2395.3934238400093,-1.1649535474975936,66.292747,56.735607,-14.41656958339651
json-10k,drf,1,gunicorn-gthread,granian-wsgi,4861.508174228735,8396.315941880439,72.7101064313749,48.290179,15.410798,-68.08709696437447
json-10k,drf-fastdrf,1,gunicorn-gthread,granian-wsgi,5912.641495345002,11793.242017694398,99.45809376366161,42.294904,11.855568,-71.96927554203694
json-10k,aiodrf,1,uvicorn,granian-asgi,2283.5624264881494,2322.4995914015176,1.7051062174485487,65.898802,55.311467,-16.06605079102956
json-10k,aiodrf-fastdrf,1,uvicorn,granian-asgi,4366.702429386532,3917.5330058535665,-10.286238432694573,42.953646,44.660523,3.9737651141418695
db,fastapi,1,uvicorn,granian-asgi,2217.567907582145,2206.0086406802784,-0.52125875660195,63.100511999999995,88.445486,40.1660354198077
db,litestar,1,uvicorn,granian-asgi,2694.4321683075527,2731.815765677981,1.3874388010261196,28.994847,64.566694,122.68334093985733
db,ninja,1,uvicorn,granian-asgi,1327.8093258975682,1343.8474856295654,1.2078661762038534,81.574115,80.425811,-1.4076818363276233
db,drf,1,gunicorn-gthread,granian-wsgi,1654.359048050909,1955.6294224272815,18.210700677783077,63.322347,40.569802,-35.93130399920268
db,drf-fastdrf,1,gunicorn-gthread,granian-wsgi,1992.1177930295323,2396.0467364725337,20.276358398903827,37.818681,29.455365,-22.11424560258989
db,aiodrf,1,uvicorn,granian-asgi,1081.4799088889508,1089.3041368905726,0.7234741891469776,91.091775,91.559683,0.5136665741775293
db,aiodrf-fastdrf,1,uvicorn,granian-asgi,1732.9985713354579,1693.5343155748699,-2.277223790794969,45.080771,52.321665,16.062045611420462
articles,fastapi,1,uvicorn,granian-asgi,743.5916768207945,735.9277798497633,-1.0306593268765485,172.32544,289.61577900000003,68.06327550940827
articles,litestar,1,uvicorn,granian-asgi,802.2236586435805,824.1063101123508,2.7277494540325575,125.13473,124.667181,-0.37363647965676927
articles,ninja,1,uvicorn,granian-asgi,437.06135979021235,427.83783406270027,-2.110350302286923,192.770223,189.306752,-1.7966836091692473
articles,drf,1,gunicorn-gthread,granian-wsgi,426.34484145623685,457.6413076496751,7.340646150787489,198.556301,175.699016,-11.511739937177811
articles,drf-fastdrf,1,gunicorn-gthread,granian-wsgi,587.1274725356511,618.8589029743652,5.404521492015046,131.545898,118.948757,-9.576232472106428
articles,aiodrf,1,uvicorn,granian-asgi,342.3405607406532,346.7857161888849,1.298460059367379,224.846911,228.61779700000002,1.6770904182001445
articles,aiodrf-fastdrf,1,uvicorn,granian-asgi,500.76346371799195,500.66080592166134,-0.020500256861477606,170.643463,164.28263900000002,-3.7275521066986173
article-detail,fastapi,1,uvicorn,granian-asgi,1085.8178211009347,1090.4252722329065,0.42433003423172355,115.626936,189.520099,63.90653039530512
article-detail,litestar,1,uvicorn,granian-asgi,1235.4632846641207,1284.6251126794273,3.97922209632251,94.98535600000001,91.866691,-3.283311376966369
article-detail,ninja,1,uvicorn,granian-asgi,753.405735040412,758.5698617160359,0.6854376646531657,130.838768,127.50663300000001,-2.5467489880369287
article-detail,drf,1,gunicorn-gthread,granian-wsgi,770.5870287214849,838.8792475064442,8.862362879150187,113.903176,100.784019,-11.517814920279312
article-detail,drf-fastdrf,1,gunicorn-gthread,granian-wsgi,973.2073718803878,1074.421072124515,10.400013724574087,78.441518,65.994276,-15.868180929389975
article-detail,aiodrf,1,uvicorn,granian-asgi,579.2635324941369,575.3119461573124,-0.6821741945000737,157.171622,154.0602,-1.9796334480788214
article-detail,aiodrf-fastdrf,1,uvicorn,granian-asgi,897.6726410212295,890.6972589456127,-0.7770518735740195,110.58590699999999,105.209551,-4.861700867543628
article-create,fastapi,1,uvicorn,granian-asgi,529.9538323476248,523.4190073270418,-1.2330932661878569,224.52367800000002,172.756561,-23.056417684374473
article-create,litestar,1,uvicorn,granian-asgi,551.4496004081586,562.9135971417436,2.0788838590325875,160.613212,172.15165399999998,7.183993057806459
article-create,ninja,1,uvicorn,granian-asgi,357.04163966345874,370.3944414362929,3.739844401739889,212.08991799999998,210.793992,-0.6110266872751513
article-create,drf,1,gunicorn-gthread,granian-wsgi,363.7049545553587,381.45383284681554,4.880021036049786,212.714423,193.422817,-9.069251500637543
article-create,drf-fastdrf,1,gunicorn-gthread,granian-wsgi,428.6268955859436,453.36113095144935,5.770574739994672,174.965433,159.50118999999998,-8.838456108070226
article-create,aiodrf,1,uvicorn,granian-asgi,304.5731771587585,303.15163209129577,-0.46673350579448103,283.61545,272.141125,-4.0457334041569375
article-create,aiodrf-fastdrf,1,uvicorn,granian-asgi,388.5316034071445,387.9365782469544,-0.15314717129111255,201.643632,199.0422,-1.2901136396908375
jwt-article,fastapi,1,uvicorn,granian-asgi,802.0156006852412,810.0584526991119,1.002829871014832,155.226126,213.74364300000002,37.69823966359891
jwt-article,litestar,1,uvicorn,granian-asgi,889.2000259819929,919.0234199866517,3.3539578422440153,115.832675,113.51221,-2.003290522298651
jwt-article,ninja,1,uvicorn,granian-asgi,589.5907255935294,571.1381218686151,-3.1297310021860425,148.80364500000002,149.78079499999998,0.6566707421716389
jwt-article,drf,1,gunicorn-gthread,granian-wsgi,574.342694993271,618.0060215025011,7.602312502597708,145.506316,129.69351400000002,-10.867433410931781
jwt-article,drf-fastdrf,1,gunicorn-gthread,granian-wsgi,722.4529906437936,780.3770078864793,8.017686685893356,105.936291,92.980065,-12.23020541657438
jwt-article,aiodrf,1,uvicorn,granian-asgi,428.78721237916477,420.93808727505575,-1.830540855114926,192.091597,188.10323400000001,-2.0762818688003226
jwt-article,aiodrf-fastdrf,1,uvicorn,granian-asgi,637.9814153995396,631.3307489415769,-1.042454575859042,132.60391299999998,129.183428,-2.579475162245015
jwt-articles,fastapi,1,uvicorn,granian-asgi,585.5381261131618,583.8838208832385,-0.2825273293311614,213.627058,406.578077,90.32143250318039
jwt-articles,litestar,1,uvicorn,granian-asgi,645.285087411896,660.4162591295063,2.3448816674654926,148.947622,145.20078999999998,-2.515536636093463
jwt-articles,ninja,1,uvicorn,granian-asgi,355.8418874073183,354.21414408650304,-0.4574344332183844,227.54653199999998,219.65817900000002,-3.4666988464583492
jwt-articles,drf,1,gunicorn-gthread,granian-wsgi,358.1577471381625,382.4322962542871,6.777613861514631,237.594592,205.061568,-13.692661826242247
jwt-articles,drf-fastdrf,1,gunicorn-gthread,granian-wsgi,465.0926450596676,492.52350663248916,5.897934930642146,160.88118300000002,144.082999,-10.441360317446213
jwt-articles,aiodrf,1,uvicorn,granian-asgi,292.4780221148518,296.3013576549719,1.307221483677412,270.793814,266.686404,-1.5168034820765897
jwt-articles,aiodrf-fastdrf,1,uvicorn,granian-asgi,386.04513788079674,386.81363768228516,0.19906993407743379,207.678033,210.629908,1.4213708389659185
