scenario,profile,server,workers,valid_samples,status,rps,p50_ms,p95_ms,p99_ms,cpu_mean_percent,cpu_peak_percent,rss_mean_mib,rss_peak_mib,rps_min,rps_max,busiest_service,service_utilization,load_utilization
article-create,aiodrf,granian-asgi,1,3,complete,303.15163209129577,208.903195,240.222501,272.141125,98.98076725837116,106.29462186975347,193.19099069148936,194.03125,298.1783881219697,304.2990420773167,postgres,0.14,0.001
article-create,aiodrf,uvicorn,1,3,complete,304.5731771587585,206.59934099999998,246.11201899999998,283.61545,98.31595087514106,102.42004698138419,130.8802649456522,132.140625,303.27848886790895,308.70385181977366,postgres,0.14,0.002
article-create,aiodrf-fastdrf,granian-asgi,1,3,complete,387.9365782469544,163.43893300000002,187.50090799999998,199.0422,96.95044612665679,106.70782797022386,185.79233530405406,186.33203125,387.11012614627094,389.63666984473815,postgres,0.173,0.002
article-create,aiodrf-fastdrf,uvicorn,1,3,complete,388.5316034071445,162.237828,188.14766699999998,201.643632,99.27952825121224,102.3223452000093,122.80014780405405,123.328125,378.8774710632407,389.5000223004343,postgres,0.175,0.002
article-create,drf,granian-wsgi,1,3,complete,381.45383284681554,165.043507,182.77684399999998,193.422817,98.83551976559048,102.30165227477683,178.8893581081081,179.64453125,380.51740447681146,385.23531842731,postgres,0.163,0.002
article-create,drf,gunicorn-gthread,1,3,complete,363.7049545553587,172.424553,199.422414,212.714423,98.66063220761309,102.45736532610081,139.36548477564102,139.51171875,361.5224790375348,365.91677302182006,postgres,0.161,0.002
article-create,drf-fastdrf,granian-wsgi,1,3,complete,453.36113095144935,139.817578,151.08405299999998,159.50118999999998,97.73491542733463,102.41929751470467,175.9803466796875,176.046875,447.5422520851003,453.6622120238285,postgres,0.187,0.002
article-create,drf-fastdrf,gunicorn-gthread,1,3,complete,428.6268955859436,147.133718,161.268685,174.965433,98.75104304435854,102.28336353901682,135.92807904411765,136.0234375,414.2576180005465,430.3426275939683,postgres,0.185,0.002
article-create,fastapi,granian-asgi,1,3,complete,523.4190073270418,119.229069,153.42354899999998,172.756561,98.79722084452483,106.45427353199197,215.46947337962962,215.57421875,522.1813480188468,528.9781355016321,postgres,0.102,0.002
article-create,fastapi,uvicorn,1,3,complete,529.9538323476248,122.047048,201.25172799999999,224.52367800000002,97.62218781445709,106.8585254350585,151.9749710648148,152.015625,526.2004431055001,538.8115992595907,postgres,0.104,0.002
article-create,litestar,granian-asgi,1,3,complete,562.9135971417436,109.976476,141.625537,172.15165399999998,98.67466012565545,102.27634313262813,216.72328125,216.8671875,557.3185845969841,564.71768907176,postgres,0.108,0.002
article-create,litestar,uvicorn,1,3,complete,551.4496004081586,112.928009,141.556431,160.613212,97.74925634350147,106.36941333742769,153.0389122596154,153.078125,549.318996203236,556.2637144941418,postgres,0.109,0.002
article-create,ninja,granian-asgi,1,3,complete,370.3944414362929,170.858968,195.176274,210.793992,98.71798452084569,102.32774023594419,189.51459703947367,190.23828125,368.66833870489614,375.04575333163194,postgres,0.168,0.002
article-create,ninja,uvicorn,1,3,complete,357.04163966345874,177.534049,198.08237400000002,212.08991799999998,97.78884113464444,106.51715383217197,127.3431640625,128.14453125,356.7692592051129,360.4427196384034,postgres,0.161,0.002
article-detail,aiodrf,granian-asgi,1,3,complete,575.3119461573124,109.726327,127.09002799999999,154.0602,98.6674232841079,106.6187842573872,189.51670545212767,190.1640625,566.6202923900049,576.7786254738306,postgres,0.085,0.002
article-detail,aiodrf,uvicorn,1,3,complete,579.2635324941369,108.542525,130.156607,157.171622,98.84126349090431,106.39131583321469,127.36664727393617,127.98828125,573.3124518703138,587.1009010516057,postgres,0.087,0.002
article-detail,aiodrf-fastdrf,granian-asgi,1,3,complete,890.6972589456127,70.936024,84.981836,105.209551,98.81702642779526,106.84553138300386,188.15666555851064,188.5078125,879.317711638549,909.6824058761996,postgres,0.119,0.003
article-detail,aiodrf-fastdrf,uvicorn,1,3,complete,897.6726410212295,70.015673,82.45229599999999,110.58590699999999,98.89055898555434,106.89362317824092,125.83830618351064,126.32421875,885.5980059448615,899.654279050546,postgres,0.118,0.003
article-detail,drf,granian-wsgi,1,3,complete,838.8792475064442,75.204314,81.91169,100.784019,99.18838708550545,106.98305467781668,177.42852393617022,177.71484375,834.7568427442417,846.301284622424,postgres,0.109,0.003
article-detail,drf,gunicorn-gthread,1,3,complete,770.5870287214849,81.179191,100.655911,113.903176,99.37047292916128,106.75701937475333,137.04791389627658,137.078125,767.3542023088445,770.7638215786802,postgres,0.102,0.003
article-detail,drf-fastdrf,granian-wsgi,1,3,complete,1074.421072124515,59.16351,63.788188999999996,65.994276,98.90782246106501,106.85442077801304,175.81611535904256,176.06640625,1066.9870671246374,1077.6501478093799,postgres,0.133,0.004
article-detail,drf-fastdrf,gunicorn-gthread,1,3,complete,973.2073718803878,65.001459,72.217001,78.441518,99.0139476019924,106.93967730823326,135.57218251329786,135.671875,959.1102023215076,973.8163500535601,postgres,0.124,0.003
article-detail,fastapi,granian-asgi,1,3,complete,1090.4252722329065,54.609051,134.24102,189.520099,98.79985191465437,106.73896904945495,214.35479670698925,214.4765625,1083.579976159611,1103.4998062096506,postgres,0.173,0.003
article-detail,fastapi,uvicorn,1,3,complete,1085.8178211009347,56.581142,100.61176400000001,115.626936,98.8849453654884,106.84731734904496,151.68168218085106,151.72265625,1079.8003589033794,1093.9844907106585,postgres,0.173,0.003
article-detail,litestar,granian-asgi,1,3,complete,1284.6251126794273,47.250918000000006,81.06944,91.866691,98.81679295993756,106.75924335613524,215.52052859042553,215.765625,1270.592067069072,1300.744749093787,postgres,0.194,0.003
article-detail,litestar,uvicorn,1,3,complete,1235.4632846641207,49.429586,64.03672300000001,94.98535600000001,98.63873220378913,106.0725217506647,152.77967087765958,152.83203125,1203.2268120476042,1245.3799647161952,postgres,0.191,0.003
article-detail,ninja,granian-asgi,1,3,complete,758.5698617160359,82.84784400000001,103.871399,127.50663300000001,98.37069186757127,106.70121182607508,192.37928427419354,192.9765625,752.493803232597,762.1919042677633,postgres,0.105,0.002
article-detail,ninja,uvicorn,1,3,complete,753.405735040412,83.967763,100.318899,130.838768,98.41790338884563,106.89818141385987,131.57579787234042,132.375,743.3388834870905,753.5021083063323,postgres,0.105,0.003
articles,aiodrf,granian-asgi,1,3,complete,346.7857161888849,181.47453,214.781334,228.61779700000002,99.39158856049353,106.84547683651509,186.12919714095744,186.40234375,345.0311114352495,348.22403964656706,postgres,0.092,0.002
articles,aiodrf,uvicorn,1,3,complete,342.3405607406532,184.468146,212.19851500000001,224.846911,99.44427384976531,106.81105836255466,123.6865857712766,124.109375,339.0245885212368,343.60638257792783,postgres,0.091,0.002
articles,aiodrf-fastdrf,granian-asgi,1,3,complete,500.66080592166134,125.454278,152.159863,164.28263900000002,99.32284039152036,106.85130865694109,186.37101063829786,186.6328125,489.61272783279077,502.5048218788245,postgres,0.121,0.002
articles,aiodrf-fastdrf,uvicorn,1,3,complete,500.76346371799195,125.386484,155.591642,170.643463,99.46236541037842,106.90845697268526,123.04512965425532,123.3125,496.4344133301356,502.71073260758254,postgres,0.122,0.002
articles,drf,granian-wsgi,1,3,complete,457.6413076496751,134.55193300000002,167.077047,175.699016,99.56038195265297,106.47027350231993,182.013671875,182.2734375,457.2131794422582,459.87786862582317,postgres,0.109,0.002
articles,drf,gunicorn-gthread,1,3,complete,426.34484145623685,144.269071,185.464301,198.556301,99.58581492482202,106.54635842385511,145.4294797207447,145.5703125,423.09573023856075,429.58649193293144,postgres,0.105,0.002
articles,drf-fastdrf,granian-wsgi,1,3,complete,618.8589029743652,102.73452800000001,110.553646,118.948757,99.6233634040524,106.78341453384652,176.20216921542553,176.39453125,610.2036174000413,623.7626675185295,postgres,0.14,0.003
articles,drf-fastdrf,gunicorn-gthread,1,3,complete,587.1274725356511,107.607854,120.31652299999999,131.545898,99.47634817117692,102.58179256004918,135.5625,135.60546875,585.9160306677329,588.9987659595414,postgres,0.136,0.002
articles,fastapi,granian-asgi,1,3,complete,735.9277798497633,80.143284,200.88719799999998,289.61577900000003,98.81742650051179,106.41684558410012,215.2854886968085,215.5625,728.7977028541148,738.6005530891609,postgres,0.203,0.002
articles,fastapi,uvicorn,1,3,complete,743.5916768207945,82.445288,143.622255,172.32544,99.06614200031386,106.8734164361139,152.27214926861703,152.31640625,743.0502347830479,746.3599861607432,postgres,0.208,0.003
articles,litestar,granian-asgi,1,3,complete,824.1063101123508,73.903282,113.225661,124.667181,98.82374162168882,106.7914495505961,216.48670212765958,216.70703125,821.6770161386379,827.3251412021738,postgres,0.225,0.002
articles,litestar,uvicorn,1,3,complete,802.2236586435805,76.589007,116.430473,125.13473,98.9280464116322,106.91136658031381,153.28008643617022,153.33203125,786.5804837367597,805.1021522966806,postgres,0.221,0.003
articles,ninja,granian-asgi,1,3,complete,427.83783406270027,146.832193,176.450889,189.306752,99.1211210338485,106.71259919854703,191.62770113031914,191.9453125,427.0210777200259,434.2886346495486,postgres,0.109,0.002
articles,ninja,uvicorn,1,3,complete,437.06135979021235,143.48064,175.55511900000002,192.770223,99.14855214690863,106.87537076534299,128.11323969414894,128.52734375,436.41622536217443,437.3143958345459,postgres,0.11,0.002
db,aiodrf,granian-asgi,1,3,complete,1089.3041368905726,57.762541,67.384523,91.559683,98.14255680688294,106.36720327725871,185.0880152925532,185.51953125,1071.1521966861533,1092.6377100534069,postgres,0.044,0.003
db,aiodrf,uvicorn,1,3,complete,1081.4799088889508,58.470825999999995,66.378384,91.091775,98.48261528274003,106.57436150995652,123.33705950797872,123.9375,1058.9162221165382,1088.2014741170935,postgres,0.045,0.003
db,aiodrf-fastdrf,granian-asgi,1,3,complete,1693.5343155748699,37.43837,43.621036000000004,52.321665,98.64773536270872,106.40597018893163,184.71064348118279,185.0546875,1631.9694904400264,1700.1128192649585,postgres,0.06,0.004
db,aiodrf-fastdrf,uvicorn,1,3,complete,1732.9985713354579,36.762831000000006,41.606731,45.080771,98.81852466120482,106.84121186637732,122.18704288563829,122.609375,1722.2277514165119,1759.0868810077386,postgres,0.059,0.005
db,drf,granian-wsgi,1,3,complete,1955.6294224272815,32.205222,35.705063,40.569802,98.7958628212783,106.93097477950437,177.35816988031914,177.91796875,1943.1561946354307,1957.0676416123904,postgres,0.061,0.006
db,drf,gunicorn-gthread,1,3,complete,1654.359048050909,37.739051,43.991203,63.322347,98.79924353498099,106.99880280333798,135.29334275265958,135.34375,1647.4788417788727,1660.736290971864,postgres,0.057,0.005
db,drf-fastdrf,granian-wsgi,1,3,complete,2396.0467364725337,26.542258,28.554754000000003,29.455365,98.72954239559226,106.87918678126263,174.935546875,174.9765625,2383.136358208124,2423.9165335668854,postgres,0.073,0.006
db,drf-fastdrf,gunicorn-gthread,1,3,complete,1992.1177930295323,31.852982,35.386932,37.818681,98.81899034005374,107.0651620846776,134.4731133643617,134.4765625,1965.3655487822302,2019.7963219059422,postgres,0.064,0.005
db,fastapi,granian-asgi,1,3,complete,2206.0086406802784,27.346401999999998,59.093104000000004,88.445486,99.57908589635751,106.77979603127532,213.76289482526883,213.95703125,2194.336967000413,2247.716067972096,postgres,0.114,0.005
db,fastapi,uvicorn,1,3,complete,2217.567907582145,28.455422000000002,53.566505,63.100511999999995,98.63306868447305,106.84586340129154,150.94431515957447,150.99609375,2121.6755989340904,2226.512322704025,postgres,0.117,0.005
db,litestar,granian-asgi,1,3,complete,2731.815765677981,22.369509,43.810548999999995,64.566694,98.60211927606967,106.71541307573187,214.7436835106383,214.9453125,2628.4143389127107,2809.315316927368,postgres,0.136,0.006
db,litestar,uvicorn,1,3,complete,2694.4321683075527,23.500125999999998,26.988834,28.994847,98.71021402155662,106.69050846209565,151.87687001329786,151.93359375,2678.9526741803293,2728.517058705986,postgres,0.138,0.006
db,ninja,granian-asgi,1,3,complete,1343.8474856295654,46.707119,56.746597,80.425811,97.9839732735349,106.89905895874678,189.60294858870967,190.0859375,1313.124319009321,1363.328156964355,postgres,0.05,0.004
db,ninja,uvicorn,1,3,complete,1327.8093258975682,47.472895,54.297118999999995,81.574115,98.08721517264763,106.20493566869513,128.21837599734042,128.828125,1318.6767457829562,1336.185595248609,postgres,0.05,0.004
json,aiodrf,granian-asgi,1,3,complete,2414.0211496339343,25.274293999999998,32.108473,55.226612,97.58215861943178,102.41306596473237,182.05418882978722,183.23828125,2405.456932501738,2415.8052734033595,pgbouncer,0.015,0.004
json,aiodrf,uvicorn,1,3,complete,2421.9719652806134,24.650275999999998,47.144659999999995,65.76504800000001,98.01236811667947,102.42370954557533,133.57750166223406,136.71484375,2371.0398625344096,2445.233725377512,mongodb,0.015,0.004
json,aiodrf-fastdrf,granian-asgi,1,3,complete,4145.02845393148,14.623773,22.541928,43.413236,98.36570134505345,106.87813402809769,181.5018284574468,182.62890625,4044.3534051355373,4146.792482183698,mongodb,0.015,0.007
json,aiodrf-fastdrf,uvicorn,1,3,complete,4521.192454221438,13.401615,18.886024000000003,42.211622,98.76123849807085,106.99895416431775,120.31873337765957,121.15234375,4368.475367777801,4570.987270207847,pgbouncer,0.016,0.009
json,drf,granian-wsgi,1,3,complete,9467.853949480785,7.912640000000001,9.296267,12.969439,98.72990896479132,107.03601780810932,171.18213929521278,172.36328125,9421.013804621009,9667.547427932352,mongodb,0.015,0.015
json,drf,gunicorn-gthread,1,3,complete,5207.533389141867,10.79762,21.934988,45.316855000000004,98.83450284328761,106.92093097603959,129.22423537234042,129.29296875,5115.143084487882,5214.8956598822815,pgbouncer,0.017,0.011
json,drf-fastdrf,granian-wsgi,1,3,complete,12506.498374245646,4.060963,7.901534,11.858715,98.61611249226405,107.00046884077148,170.13609541223406,170.296875,12494.856946352176,13258.443950271681,mongodb,0.015,0.018
json,drf-fastdrf,gunicorn-gthread,1,3,complete,6119.950908895434,9.277198,15.798071,40.683948,98.68674732255108,107.00496757486965,129.3514378324468,129.3515625,6116.9973216686685,6143.913000381045,pgbouncer,0.017,0.012
json,fastapi,granian-asgi,1,3,complete,24468.975455721687,2.583872,2.814676,3.050549,98.66625733377285,106.9207525240416,207.01267453457447,207.1796875,24205.536319792216,24768.981830466862,pgbouncer,0.017,0.026
json,fastapi,uvicorn,1,3,complete,23568.009192274578,2.6879180000000003,2.882104,3.028458,98.8674589517683,107.07995984186405,144.11668882978722,144.1171875,23449.169198580294,23742.29673519251,pgbouncer,0.015,0.025
json,litestar,granian-asgi,1,3,complete,37602.63956847794,1.6847940000000001,1.846062,1.9859830000000003,98.60212157948818,106.74846686297654,209.15479554521278,209.23828125,37177.83210099876,37901.6299489999,pgbouncer,0.017,0.038
json,litestar,uvicorn,1,3,complete,35572.4780592795,1.7634589999999999,1.926189,2.205235,98.83362114496717,102.80755660335443,146.11610704787233,146.12109375,35297.44234461928,35953.2965095526,pgbouncer,0.015,0.038
json,ninja,granian-asgi,1,3,complete,2519.765191228679,24.206533,30.478707,54.573716000000005,97.43213399801698,102.41561428573831,186.9395777925532,187.9609375,2483.5864057736358,2520.545906456212,pgbouncer,0.017,0.004
json,ninja,uvicorn,1,3,complete,2542.729093274003,23.021206999999997,36.873232,65.644689,98.19091820619094,106.88938963973335,138.36053856382978,141.77734375,2504.596780452892,2561.6355968980124,pgbouncer,0.017,0.004
json-10k,aiodrf,granian-asgi,1,3,complete,2322.4995914015176,26.380931,33.241887999999996,55.311467,97.63715115057698,106.74424677518802,183.6365940824468,184.75390625,2279.1158243686796,2335.561339683305,pgbouncer,0.015,0.005
json-10k,aiodrf,uvicorn,1,3,complete,2283.5624264881494,25.964317,50.362891,65.898802,97.9998458239348,106.75373906751034,137.85451296542553,141.046875,2281.808136552514,2309.6040648170692,pgbouncer,0.015,0.004
json-10k,aiodrf-fastdrf,granian-asgi,1,3,complete,3917.5330058535665,15.405741,23.898035,44.660523,98.38110114905223,106.37885053503611,183.36365525265958,184.61328125,3913.740692763795,3953.803195917776,mongodb,0.015,0.007
json-10k,aiodrf-fastdrf,uvicorn,1,3,complete,4366.702429386532,13.76502,19.33062,42.953646,98.64593229434101,106.76583404306675,122.71338929521276,123.5546875,4258.4791313173455,4399.051060372081,mongodb,0.015,0.009
json-10k,drf,granian-wsgi,1,3,complete,8396.315941880439,7.972175,10.131226999999999,15.410798,98.68653549450198,106.8728647921577,176.00764627659575,178.3203125,8193.708359895962,8422.150863987565,pgbouncer,0.017,0.015
json-10k,drf,gunicorn-gthread,1,3,complete,4861.508174228735,11.571108,24.202754,48.290179,98.84375990681943,107.00665779837225,132.8653590425532,133.1015625,4825.321841954631,4870.995468300119,pgbouncer,0.017,0.011
json-10k,drf-fastdrf,granian-wsgi,1,3,complete,11793.242017694398,4.104373,7.910775,11.855568,98.72782405474592,107.01487089796038,171.42682014627658,171.640625,11627.481843414129,11838.663458609419,pgbouncer,0.017,0.018
json-10k,drf-fastdrf,gunicorn-gthread,1,3,complete,5912.641495345002,9.596883,16.347807,42.294904,98.77216733863563,107.04245735924273,129.53000332446808,129.53515625,5822.881555246145,5964.378837180886,pgbouncer,0.015,0.012
json-10k,fastapi,granian-asgi,1,3,complete,21951.687107244266,2.8868460000000002,3.144609,3.314501,98.59725326857134,106.8765173569245,207.7673703457447,208.19140625,21603.163703716757,22091.420112168365,mongodb,0.015,0.025
json-10k,fastapi,uvicorn,1,3,complete,20870.865116038298,3.025242,3.25969,3.621678,98.7229291312066,106.95248537430729,144.65620844414894,144.65625,20671.887301799215,21016.818475751923,mongodb,0.015,0.026
json-10k,litestar,granian-asgi,1,3,complete,32603.608553015754,1.946058,2.125683,2.331086,98.6247869392855,106.85006968422313,210.0455036569149,210.57421875,32397.278301558097,32798.51102911327,mongodb,0.015,0.036
json-10k,litestar,uvicorn,1,3,complete,31093.444608507358,2.020822,2.212914,2.372581,98.79446665614535,106.94608987302439,146.87890625,146.87890625,30872.232801110677,31375.987315855724,pgbouncer,0.018,0.036
json-10k,ninja,granian-asgi,1,3,complete,2395.3934238400093,25.487987,31.680556,56.735607,97.55667361377067,106.09699040451954,188.51267453457447,189.71484375,2351.88502845276,2411.5407982783927,pgbouncer,0.017,0.005
json-10k,ninja,uvicorn,1,3,complete,2423.6275590674954,24.419829,41.379827,66.292747,98.20677144375306,102.67399768576493,142.41742852393617,145.70703125,2398.6026835657126,2440.345899435262,pgbouncer,0.017,0.005
jwt-article,aiodrf,granian-asgi,1,3,complete,420.93808727505575,150.29267900000002,171.80678,188.10323400000001,99.13365329702918,106.65901296592877,187.2833277925532,187.96484375,417.68808643754556,422.3723895388843,postgres,0.083,0.002
jwt-article,aiodrf,uvicorn,1,3,complete,428.78721237916477,146.885809,173.279093,192.091597,99.42294207712935,106.70368993134811,124.31137799202128,124.76171875,428.7678925273155,431.5592937193059,postgres,0.085,0.002
jwt-article,aiodrf-fastdrf,granian-asgi,1,3,complete,631.3307489415769,100.541377,115.03318999999999,129.183428,98.8722725537734,106.85484924919706,186.1091672207447,186.41015625,619.2913032624965,632.479461570603,postgres,0.112,0.002
jwt-article,aiodrf-fastdrf,uvicorn,1,3,complete,637.9814153995396,99.20778800000001,113.59879000000001,132.60391299999998,99.15109094794252,106.4763145124422,123.26936502659575,123.6171875,637.8135610626383,639.4395517206856,postgres,0.113,0.002
jwt-article,drf,granian-wsgi,1,3,complete,618.0060215025011,102.523771,110.44542,129.69351400000002,99.47164981258787,106.91182281541327,177.9079537898936,178.4140625,612.0764712577071,620.4507156445602,postgres,0.105,0.003
jwt-article,drf,gunicorn-gthread,1,3,complete,574.342694993271,109.32702900000001,132.60871799999998,145.506316,99.49968613664,106.90277543892105,138.0119265292553,138.15625,571.0994245299527,576.7301775805607,postgres,0.103,0.002
jwt-article,drf-fastdrf,granian-wsgi,1,3,complete,780.3770078864793,81.284176,87.863701,92.980065,99.23566734972762,106.92056215275451,175.82999501329786,175.9921875,774.3123561323291,783.3879916731114,postgres,0.127,0.003
jwt-article,drf-fastdrf,gunicorn-gthread,1,3,complete,722.4529906437936,87.526995,96.720027,105.936291,99.42330063685154,106.97273801564462,135.66107047872342,135.7421875,719.9884882743487,724.3032864826494,postgres,0.123,0.003
jwt-article,fastapi,granian-asgi,1,3,complete,810.0584526991119,75.310597,149.073126,213.74364300000002,98.86978331855445,106.80861996035098,214.6069647606383,214.8125,805.1257276702762,812.9341956466286,postgres,0.165,0.002
jwt-article,fastapi,uvicorn,1,3,complete,802.0156006852412,76.87324199999999,127.42398699999998,155.226126,99.04333733404887,106.819280619842,151.86839261968086,151.91796875,800.2475721107967,802.9833168829477,postgres,0.165,0.003
jwt-article,litestar,granian-asgi,1,3,complete,919.0234199866517,67.023851,84.52092999999999,113.51221,98.77805610912219,106.77631858002745,215.99991688829786,216.2109375,907.4102098112826,932.5521595535396,postgres,0.183,0.002
jwt-article,litestar,uvicorn,1,3,complete,889.2000259819929,69.205843,100.320802,115.832675,99.03387920776808,106.84251523063921,153.00648271276594,153.0703125,883.1959745288358,894.2667373662474,postgres,0.179,0.002
jwt-article,ninja,granian-asgi,1,3,complete,571.1381218686151,110.93375599999999,129.857091,149.78079499999998,98.72625294542593,105.89643165221374,190.9102809175532,191.46875,567.9413803567063,575.9880470418559,postgres,0.104,0.002
jwt-article,ninja,uvicorn,1,3,complete,589.5907255935294,106.945088,123.57903400000001,148.80364500000002,98.72559463651662,106.44292837618354,128.39295212765958,128.95703125,589.3616279696308,594.8981370072138,postgres,0.107,0.002
jwt-articles,aiodrf,granian-asgi,1,3,complete,296.3013576549719,213.07210800000001,249.38169,266.686404,99.28354551119104,106.7274377926253,186.56133643617022,187.01171875,292.7715755937885,297.1213127901577,postgres,0.093,0.001
jwt-articles,aiodrf,uvicorn,1,3,complete,292.4780221148518,214.833936,250.547054,270.793814,99.55167171591444,106.97389167858462,124.24006815159575,124.61328125,291.8067946198963,294.1436096324314,postgres,0.091,0.001
jwt-articles,aiodrf-fastdrf,granian-asgi,1,3,complete,386.81363768228516,161.479673,196.478119,210.629908,99.46332317786758,106.76730993121268,187.38077626329786,187.57421875,386.04039428534725,392.4382013081384,postgres,0.116,0.002
jwt-articles,aiodrf-fastdrf,uvicorn,1,3,complete,386.04513788079674,162.643657,195.424253,207.678033,99.49327892918038,106.69540525140565,124.15047373670212,124.34375,375.5580290130222,391.8293164570736,postgres,0.115,0.002
jwt-articles,drf,granian-wsgi,1,3,complete,382.4322962542871,162.021974,195.755263,205.061568,99.52150097929706,106.94172945831949,182.25743849734042,182.390625,381.428059847795,382.8857442795625,postgres,0.108,0.002
jwt-articles,drf,gunicorn-gthread,1,3,complete,358.1577471381625,171.48326699999998,220.017703,237.594592,99.45583263261437,106.79376432705196,146.06200132978722,146.1484375,356.1772048830239,363.1798342148947,postgres,0.106,0.002
jwt-articles,drf-fastdrf,granian-wsgi,1,3,complete,492.52350663248916,129.139375,138.83453,144.082999,99.53485676980343,106.9046477747164,176.1425571236559,176.3046875,466.1564579365298,492.8508461564252,postgres,0.133,0.002
jwt-articles,drf-fastdrf,gunicorn-gthread,1,3,complete,465.0926450596676,136.246223,152.217302,160.88118300000002,99.54915625383407,106.84867587425933,135.84466422872342,135.89453125,463.28152972366274,468.66607627864033,postgres,0.131,0.002
jwt-articles,fastapi,granian-asgi,1,3,complete,583.8838208832385,100.852468,288.025904,406.578077,99.19808364332343,106.67192897403683,215.41846742021278,215.69140625,575.7976953423944,586.6570476269785,postgres,0.189,0.002
jwt-articles,fastapi,uvicorn,1,3,complete,585.5381261131618,106.13254900000001,160.456747,213.627058,99.2999527920574,106.82644189521504,152.51072140957447,152.5546875,584.2836013644614,586.7022428674001,postgres,0.19,0.002
jwt-articles,litestar,granian-asgi,1,3,complete,660.4162591295063,93.746853,134.626624,145.20078999999998,98.86326095890081,106.72182102457215,216.6951047207447,216.87890625,649.2924192005069,660.9626956233808,postgres,0.209,0.002
jwt-articles,litestar,uvicorn,1,3,complete,645.285087411896,96.490162,136.006467,148.947622,99.08882869063878,106.83464768799094,153.68745844414894,153.73828125,636.9585792633682,646.1879791704168,postgres,0.208,0.002
jwt-articles,ninja,granian-asgi,1,3,complete,354.21414408650304,178.355393,206.812893,219.65817900000002,99.26915984927415,106.61618996197899,191.90961602393617,192.1796875,348.51658107902546,356.5663141441899,postgres,0.107,0.002
jwt-articles,ninja,uvicorn,1,3,complete,355.8418874073183,176.859136,209.615714,227.54653199999998,99.23939732102014,106.83107874223698,128.1891206781915,128.5390625,337.3035250885572,356.25813878132135,postgres,0.107,0.002
