scenario,profile,server,workers,repeat,requests,p99_ms,p999_ms,max_ms
json,drf-fastdrf,granian-wsgi,1,1,265242,11.839005,16.846162,29.855196
json,aiodrf-fastdrf,uvicorn,1,1,87417,42.744115,57.427409999999995,130.56920599999998
json,drf,gunicorn-gthread,1,1,102374,45.316855000000004,77.756247,128.22624199999998
json,drf,granian-wsgi,1,1,188481,12.969439,19.929296,24.290234
json,aiodrf-fastdrf,granian-asgi,1,1,80938,43.258063,51.441361,60.354809
json,aiodrf,granian-asgi,1,1,48367,55.226612,67.248658,78.030455
json,ninja,granian-asgi,1,1,49735,54.573716000000005,62.762924,69.98571700000001
json,litestar,uvicorn,1,1,711539,3.40374,3.79136,46.031195
json,drf-fastdrf,gunicorn-gthread,1,1,122955,40.627782,70.306765,171.19583699999998
json,litestar,granian-asgi,1,1,743676,2.015228,2.298076,14.494679999999999
json,ninja,uvicorn,1,1,50115,69.716599,102.443697,665.22016
json,fastapi,uvicorn,1,1,469072,3.1012869999999997,5.592098,69.397638
json,fastapi,granian-asgi,1,1,484223,3.172696,3.892538,16.032388
json,aiodrf,uvicorn,1,1,47468,71.28644800000001,104.376387,627.3224720000001
json-10k,litestar,uvicorn,1,1,621953,3.764464,4.283302999999999,54.11416
json-10k,ninja,granian-asgi,1,1,47101,57.049231999999996,66.24167200000001,72.367473
json-10k,drf,gunicorn-gthread,1,1,96579,49.579783,81.874693,122.404048
json-10k,drf-fastdrf,gunicorn-gthread,1,1,116535,42.562126,74.701663,132.520928
json-10k,drf,granian-wsgi,1,1,163927,15.868120999999999,20.627996,35.954097999999995
json-10k,aiodrf,granian-asgi,1,1,45649,57.884696999999996,69.675327,83.136099
json-10k,ninja,uvicorn,1,1,48025,70.603419,96.225517,657.1729899999999
json-10k,aiodrf-fastdrf,uvicorn,1,1,85220,42.470224,51.248681999999995,150.162022
json-10k,drf-fastdrf,granian-wsgi,1,1,232616,11.857493999999999,16.862744,25.862602
json-10k,aiodrf,uvicorn,1,1,45692,64.22686700000001,86.005917,653.947296
json-10k,litestar,granian-asgi,1,1,648095,2.333533,3.4658219999999997,18.757949
json-10k,fastapi,granian-asgi,1,1,432171,3.589446,6.070132,13.828897
json-10k,aiodrf-fastdrf,granian-asgi,1,1,78348,45.412928,57.340103000000006,69.93152699999999
json-10k,fastapi,uvicorn,1,1,413523,3.682391,6.363941,80.66434699999999
db,drf,gunicorn-gthread,1,1,33012,62.681386,70.49777399999999,91.920163
db,drf-fastdrf,granian-wsgi,1,1,47733,31.857749,34.113567999999994,36.877116
db,litestar,granian-asgi,1,1,56231,60.465983,83.939742,212.390984
db,aiodrf,granian-asgi,1,1,21466,91.559683,101.721348,109.813927
db,aiodrf,uvicorn,1,1,21209,92.104547,108.925375,168.591768
db,aiodrf-fastdrf,granian-asgi,1,1,32684,61.023018,75.63493,89.349835
db,fastapi,granian-asgi,1,1,43928,91.18322900000001,136.450808,234.403159
db,aiodrf-fastdrf,uvicorn,1,1,34486,51.521624,65.780968,101.340018
db,ninja,granian-asgi,1,1,26301,84.641006,95.194496,103.476243
db,drf,granian-wsgi,1,1,38928,40.966845,66.457618,81.480545
db,litestar,uvicorn,1,1,53625,30.693794,47.358152000000004,102.552498
db,fastapi,uvicorn,1,1,42480,68.905783,92.947658,137.990421
db,ninja,uvicorn,1,1,26406,81.574115,89.27884399999999,105.995407
db,drf-fastdrf,gunicorn-gthread,1,1,39372,39.554013,43.551197,48.602042
articles,drf,granian-wsgi,1,1,9204,178.02354200000002,182.182025,190.94878500000002
articles,aiodrf-fastdrf,granian-asgi,1,1,9851,172.813056,200.69692,209.00305799999998
articles,litestar,uvicorn,1,1,15784,125.13473,136.13189400000002,156.33602
articles,aiodrf,granian-asgi,1,1,6963,230.077153,244.121703,249.25902299999998
articles,litestar,granian-asgi,1,1,16487,124.667181,136.84090700000002,166.486313
articles,drf-fastdrf,granian-wsgi,1,1,12267,124.348067,137.34632499999998,142.472866
articles,aiodrf,uvicorn,1,1,6828,239.96693,284.043661,330.363254
articles,drf,gunicorn-gthread,1,1,8525,205.871364,225.827639,250.535714
articles,fastapi,uvicorn,1,1,14974,172.12563,222.12067,324.901622
articles,ninja,uvicorn,1,1,8795,196.157107,235.986587,268.224962
articles,drf-fastdrf,gunicorn-gthread,1,1,11778,134.50745,144.318268,159.381112
articles,aiodrf-fastdrf,uvicorn,1,1,9979,170.643463,193.86045199999998,210.799057
articles,ninja,granian-asgi,1,1,8617,188.528905,200.478557,202.42700399999998
articles,fastapi,granian-asgi,1,1,14827,289.61577900000003,428.62478799999997,517.03104
article-detail,ninja,uvicorn,1,1,14902,136.297234,166.594979,210.282638
article-detail,drf-fastdrf,granian-wsgi,1,1,21403,70.017979,83.047058,86.992737
article-detail,drf,granian-wsgi,1,1,16757,100.784019,109.523921,122.2477
article-detail,litestar,uvicorn,1,1,24110,95.549471,110.363055,114.19247200000001
article-detail,drf,gunicorn-gthread,1,1,15472,117.474786,132.26132099999998,152.990835
article-detail,aiodrf-fastdrf,uvicorn,1,1,17750,110.58590699999999,121.593112,157.472681
article-detail,fastapi,uvicorn,1,1,21635,121.21728599999999,163.301892,205.303545
article-detail,fastapi,granian-asgi,1,1,21719,187.32686700000002,260.80097,374.72035900000003
article-detail,litestar,granian-asgi,1,1,25465,93.65725699999999,128.05961900000003,164.62044600000002
article-detail,aiodrf,granian-asgi,1,1,11382,165.170051,182.356892,189.606724
article-detail,ninja,granian-asgi,1,1,15096,131.10006399999997,149.867532,158.64351
article-detail,drf-fastdrf,gunicorn-gthread,1,1,19247,88.21105,103.492602,122.65399000000001
article-detail,aiodrf,uvicorn,1,1,11505,157.171622,190.791042,251.120615
article-detail,aiodrf-fastdrf,granian-asgi,1,1,17641,109.059039,124.335747,136.201503
article-create,aiodrf,uvicorn,1,1,3000,294.289462,435.272063,450.39818599999995
article-create,fastapi,uvicorn,1,1,3000,233.054814,323.489705,327.054934
article-create,litestar,granian-asgi,1,1,3000,172.15165399999998,221.40284599999998,222.70225399999998
article-create,drf-fastdrf,granian-wsgi,1,1,3000,171.40028900000001,176.829848,177.727899
article-create,aiodrf-fastdrf,uvicorn,1,1,3000,205.830827,284.471515,290.187123
article-create,aiodrf,granian-asgi,1,1,3000,273.29396,282.77756,284.641949
article-create,drf-fastdrf,gunicorn-gthread,1,1,3000,180.29536099999999,188.85807,189.829174
article-create,litestar,uvicorn,1,1,3000,163.141585,176.634059,225.825906
article-create,ninja,granian-asgi,1,1,3000,205.216029,213.09007799999998,214.466114
article-create,drf,gunicorn-gthread,1,1,3000,208.681837,218.025791,231.51405599999998
article-create,ninja,uvicorn,1,1,3000,212.08991799999998,277.885742,288.87591299999997
article-create,drf,granian-wsgi,1,1,3000,193.422817,197.90919000000002,208.19137700000002
article-create,fastapi,granian-asgi,1,1,3000,177.11173399999998,216.023514,225.572143
article-create,aiodrf-fastdrf,granian-asgi,1,1,3000,198.363733,207.880804,221.946594
jwt-article,fastapi,uvicorn,1,1,16116,157.44096,212.068083,276.45326
jwt-article,drf,granian-wsgi,1,1,12302,135.950054,153.353188,157.379354
jwt-article,ninja,granian-asgi,1,1,11402,154.03485799999999,163.524657,170.100029
jwt-article,fastapi,granian-asgi,1,1,16247,208.025672,256.469014,381.504339
jwt-article,ninja,uvicorn,1,1,11825,143.70169199999998,154.718772,189.49948
jwt-article,aiodrf-fastdrf,uvicorn,1,1,12798,127.693384,138.976227,172.132919
jwt-article,aiodrf-fastdrf,granian-asgi,1,1,12433,130.326928,149.252416,159.442659
jwt-article,drf,gunicorn-gthread,1,1,11491,146.96693399999998,172.166326,179.89759
jwt-article,aiodrf,granian-asgi,1,1,8398,190.628932,199.35814499999998,207.861772
jwt-article,litestar,granian-asgi,1,1,18201,116.373289,127.34617300000001,164.121297
jwt-article,drf-fastdrf,granian-wsgi,1,1,15549,97.882676,113.912729,117.051976
jwt-article,litestar,uvicorn,1,1,17733,119.59317899999999,136.27077500000001,163.22214400000001
jwt-article,aiodrf,uvicorn,1,1,8618,192.284978,232.90818299999998,286.51520000000005
jwt-article,drf-fastdrf,gunicorn-gthread,1,1,14460,110.106659,120.910608,127.45325699999998
jwt-articles,aiodrf,uvicorn,1,1,5899,282.124907,367.387702,395.25030399999997
jwt-articles,ninja,uvicorn,1,1,6794,241.621961,264.393186,308.82566099999997
jwt-articles,drf-fastdrf,granian-wsgi,1,1,9382,177.67232099999998,189.852949,193.032378
jwt-articles,drf,gunicorn-gthread,1,1,7185,245.76337,261.906261,283.940687
jwt-articles,fastapi,granian-asgi,1,1,11596,418.521372,694.619295,923.216457
jwt-articles,drf-fastdrf,gunicorn-gthread,1,1,9327,165.443889,180.29179000000002,188.679994
jwt-articles,litestar,uvicorn,1,1,12793,149.937251,158.857326,213.70124800000002
jwt-articles,drf,granian-wsgi,1,1,7691,205.061568,215.690121,233.15354699999997
jwt-articles,ninja,granian-asgi,1,1,7020,229.040345,240.51102699999998,249.578519
jwt-articles,aiodrf,granian-asgi,1,1,5908,278.882589,307.63724599999995,320.01028199999996
jwt-articles,litestar,granian-asgi,1,1,13071,149.120169,177.23054,213.182377
jwt-articles,fastapi,uvicorn,1,1,11739,213.627058,257.032556,346.37244499999997
jwt-articles,aiodrf-fastdrf,uvicorn,1,1,7771,207.678033,268.740401,291.333032
jwt-articles,aiodrf-fastdrf,granian-asgi,1,1,7775,210.629908,221.47206699999998,240.268787
json,fastapi,uvicorn,1,2,471427,3.028458,5.48854,73.906895
json,fastapi,granian-asgi,1,2,495508,2.907446,3.4701210000000002,17.282563
json,aiodrf,granian-asgi,1,2,48178,56.481876,61.682285,74.832919
json,drf-fastdrf,granian-wsgi,1,2,250172,11.858715,16.878522,32.821748
json,aiodrf-fastdrf,granian-asgi,1,2,83051,43.506021,50.286604,58.209688
json,drf-fastdrf,gunicorn-gthread,1,2,122476,40.693702,70.257945,128.684762
json,ninja,granian-asgi,1,2,50481,55.578483999999996,60.894556,71.37178499999999
json,litestar,granian-asgi,1,2,752219,1.9859830000000003,2.344259,13.802633
json,aiodrf-fastdrf,uvicorn,1,2,90469,41.893089,48.063953,133.828343
json,ninja,uvicorn,1,2,51263,65.644689,87.10895500000001,621.409384
json,litestar,uvicorn,1,2,706097,2.205235,3.740743,49.085337
json,drf,gunicorn-gthread,1,2,104372,45.440639999999995,76.860065,147.840627
json,aiodrf,uvicorn,1,2,48490,65.76504800000001,84.723003,679.991874
json,drf,granian-wsgi,1,2,189418,12.989377999999999,19.931261,32.73678700000001
json-10k,aiodrf,uvicorn,1,2,45713,67.517175,100.322706,731.4956179999999
json-10k,ninja,uvicorn,1,2,48512,65.782253,88.92056099999999,703.234538
json-10k,aiodrf-fastdrf,granian-asgi,1,2,78413,44.660523,51.21226,62.617008
json-10k,fastapi,granian-asgi,1,2,439134,3.314501,3.8274559999999997,22.803973000000003
json-10k,aiodrf,granian-asgi,1,2,46516,55.021778,61.877402,78.831467
json-10k,aiodrf-fastdrf,uvicorn,1,2,87380,44.644287999999996,52.89266799999999,153.21432099999998
json-10k,fastapi,uvicorn,1,2,420389,3.391036,6.1486279999999995,71.331877
json-10k,drf,gunicorn-gthread,1,2,97301,48.290179,81.29265600000001,130.83731400000002
json-10k,drf-fastdrf,granian-wsgi,1,2,235917,11.8547,16.855763999999997,26.729419
json-10k,litestar,uvicorn,1,2,627626,2.372581,4.181927,55.58137
json-10k,litestar,granian-asgi,1,2,652213,2.2293209999999997,2.86059,17.2221
json-10k,ninja,granian-asgi,1,2,48293,55.042651,62.036907,77.468963
json-10k,drf,granian-wsgi,1,2,168522,15.410798,19.977187999999998,27.403594
json-10k,drf-fastdrf,gunicorn-gthread,1,2,118331,41.819168,75.87471699999999,121.478789
db,aiodrf-fastdrf,granian-asgi,1,2,33911,52.321665,75.34940599999999,86.474886
db,fastapi,uvicorn,1,2,44394,62.62055599999999,86.24288800000001,154.981784
db,ninja,granian-asgi,1,2,27310,79.03110500000001,94.460399,99.98083100000001
db,litestar,uvicorn,1,2,53936,28.994847,48.648196,88.456079
db,drf,gunicorn-gthread,1,2,33157,63.322347,70.314768,93.47889199999999
db,litestar,granian-asgi,1,2,54687,64.566694,94.849807,160.12458500000002
db,ninja,uvicorn,1,2,26586,82.401451,97.644764,123.296274
db,drf-fastdrf,granian-wsgi,1,2,47991,29.455365,30.657654,32.918517
db,aiodrf,granian-asgi,1,2,21831,90.465094,102.320257,108.654713
db,fastapi,granian-asgi,1,2,45005,86.34153599999999,120.305104,182.662644
db,drf-fastdrf,gunicorn-gthread,1,2,39906,37.818681,41.988691,50.826778000000004
db,drf,granian-wsgi,1,2,39228,39.577749000000004,63.801472,76.765398
db,aiodrf,uvicorn,1,2,21667,89.629109,97.973236,142.934001
db,aiodrf-fastdrf,uvicorn,1,2,35222,45.080771,71.852621,100.599786
articles,drf,gunicorn-gthread,1,2,8589,198.556301,225.51387400000002,242.264224
articles,drf,granian-wsgi,1,2,9231,175.699016,182.80189199999998,187.861138
articles,drf-fastdrf,gunicorn-gthread,1,2,11841,130.54517199999998,142.49601,151.10703
articles,aiodrf-fastdrf,uvicorn,1,2,10062,163.415331,173.709316,185.44771
articles,litestar,granian-asgi,1,2,16603,121.563062,130.443584,189.84062400000002
articles,litestar,uvicorn,1,2,16127,124.670069,136.29381400000003,163.102108
articles,fastapi,uvicorn,1,2,14925,172.32544,216.880393,289.389552
articles,ninja,granian-asgi,1,2,8589,191.842253,204.69527200000002,216.936507
articles,ninja,uvicorn,1,2,8797,190.64969100000002,219.74884,246.65568900000002
articles,drf-fastdrf,granian-wsgi,1,2,12439,118.948757,126.04130099999999,133.799847
articles,aiodrf-fastdrf,granian-asgi,1,2,10071,164.116643,171.719242,181.703166
articles,fastapi,granian-asgi,1,2,14627,283.125463,392.532213,493.300183
articles,aiodrf,granian-asgi,1,2,6988,228.61779700000002,247.22620700000002,254.011062
articles,aiodrf,uvicorn,1,2,6897,221.142758,261.11226,289.228283
article-detail,aiodrf-fastdrf,uvicorn,1,2,17996,110.624138,122.614854,157.129672
article-detail,litestar,granian-asgi,1,2,25792,91.758169,107.232014,143.633753
article-detail,fastapi,uvicorn,1,2,21925,113.079998,155.74387000000002,206.658235
article-detail,drf,gunicorn-gthread,1,2,15407,111.96374200000001,124.59579599999999,142.52527600000002
article-detail,drf-fastdrf,gunicorn-gthread,1,2,19526,78.42228,99.044792,111.863518
article-detail,ninja,granian-asgi,1,2,15221,127.50663300000001,137.052281,146.020956
article-detail,drf,granian-wsgi,1,2,16993,99.7525,108.723003,131.118817
article-detail,fastapi,granian-asgi,1,2,21859,194.77646900000002,281.694858,497.30213200000003
article-detail,aiodrf,uvicorn,1,2,11626,167.171503,221.114229,266.490585
article-detail,litestar,uvicorn,1,2,24749,94.98535600000001,101.03812099999999,131.929948
article-detail,drf-fastdrf,granian-wsgi,1,2,21615,65.15133100000001,66.91395999999999,68.907987
article-detail,ninja,uvicorn,1,2,15104,129.09489299999998,143.747635,196.23305
article-detail,aiodrf-fastdrf,granian-asgi,1,2,18243,103.352765,116.153481,135.12072899999998
article-detail,aiodrf,granian-asgi,1,2,11579,152.108355,161.99901599999998,171.314887
article-create,fastapi,granian-asgi,1,2,3000,163.972169,169.42866,169.62266
article-create,litestar,granian-asgi,1,2,3000,181.28100799999999,212.997629,222.27512
article-create,aiodrf,uvicorn,1,2,3000,271.130045,388.217518,388.262502
article-create,ninja,uvicorn,1,2,3000,225.652703,321.399559,344.90657600000003
article-create,aiodrf-fastdrf,granian-asgi,1,2,3000,201.22888799999998,210.63973099999998,214.559935
article-create,drf,granian-wsgi,1,2,3000,189.61710200000002,193.878976,203.68124300000002
article-create,drf-fastdrf,gunicorn-gthread,1,2,3000,174.965433,182.875038,190.23714
article-create,drf,gunicorn-gthread,1,2,3000,212.714423,220.581351,221.766173
article-create,ninja,granian-asgi,1,2,3000,210.793992,218.796473,222.650855
article-create,fastapi,uvicorn,1,2,3000,220.49116099999998,345.80957,438.972182
article-create,aiodrf,granian-asgi,1,2,3000,272.141125,282.052587,284.468415
article-create,drf-fastdrf,granian-wsgi,1,2,3000,154.103211,155.604007,156.10085700000002
article-create,litestar,uvicorn,1,2,3000,158.975188,162.48549400000002,163.818773
article-create,aiodrf-fastdrf,uvicorn,1,2,3000,201.643632,253.178185,258.42037899999997
jwt-article,fastapi,uvicorn,1,2,16052,155.226126,214.433985,321.980707
jwt-article,aiodrf-fastdrf,uvicorn,1,2,12837,133.177898,146.587538,176.530828
jwt-article,ninja,uvicorn,1,2,11828,148.891457,175.718732,211.159583
jwt-article,drf,granian-wsgi,1,2,12476,129.69351400000002,135.26816499999998,143.267391
jwt-article,aiodrf-fastdrf,granian-asgi,1,2,12698,129.183428,139.39533,147.418946
jwt-article,ninja,granian-asgi,1,2,11467,144.12062600000002,156.47687299999998,164.156163
jwt-article,drf-fastdrf,granian-wsgi,1,2,15730,90.191187,93.65623500000001,99.129341
jwt-article,litestar,uvicorn,1,2,17833,115.572462,124.33355999999999,146.186232
jwt-article,aiodrf,uvicorn,1,2,8622,191.611297,233.350059,258.233609
jwt-article,drf,gunicorn-gthread,1,2,11550,145.506316,155.926199,178.425151
jwt-article,aiodrf,granian-asgi,1,2,8498,188.10323400000001,202.647623,206.04332
jwt-article,fastapi,granian-asgi,1,2,16153,215.553704,295.249135,385.693669
jwt-article,drf-fastdrf,gunicorn-gthread,1,2,14528,105.936291,120.071565,130.897225
jwt-article,litestar,granian-asgi,1,2,18431,113.51221,124.867237,130.57219
jwt-articles,fastapi,granian-asgi,1,2,11785,406.362097,593.853246,888.642088
jwt-articles,litestar,uvicorn,1,2,12954,148.947622,165.47903399999998,201.060731
jwt-articles,drf,gunicorn-gthread,1,2,7324,226.412119,251.05559100000002,265.090368
jwt-articles,fastapi,uvicorn,1,2,11784,211.66919000000001,280.771261,345.700119
jwt-articles,aiodrf-fastdrf,uvicorn,1,2,7887,203.904468,259.176066,281.927502
jwt-articles,drf-fastdrf,gunicorn-gthread,1,2,9445,159.293783,168.951929,188.584602
jwt-articles,aiodrf,uvicorn,1,2,5883,263.878897,320.839576,350.426485
jwt-articles,ninja,granian-asgi,1,2,7181,219.65817900000002,232.671401,240.759892
jwt-articles,drf,granian-wsgi,1,2,7721,203.325628,209.14204999999998,219.157646
jwt-articles,ninja,uvicorn,1,2,7165,227.54653199999998,263.191056,292.496252
jwt-articles,aiodrf-fastdrf,granian-asgi,1,2,7902,205.232901,239.577386,253.54402599999997
jwt-articles,aiodrf,granian-asgi,1,2,5990,261.515043,274.99043,283.320159
jwt-articles,drf-fastdrf,granian-wsgi,1,2,9914,144.00833,150.740672,154.821109
jwt-articles,litestar,granian-asgi,1,2,13255,145.20078999999998,161.86241800000002,222.27508200000003
json,drf,gunicorn-gthread,1,3,104229,45.173767,78.793604,142.170014
json,litestar,uvicorn,1,3,719150,2.077942,3.565407,46.168127000000005
json,ninja,uvicorn,1,3,50932,65.600008,89.420978,689.340968
json,aiodrf-fastdrf,granian-asgi,1,3,82969,43.413236,52.244279,56.697794
json,aiodrf-fastdrf,uvicorn,1,3,91477,42.211622,48.581305,123.147481
json,drf,granian-wsgi,1,3,193405,12.959414,19.923223,27.978468
json,aiodrf,granian-asgi,1,3,48377,54.701707,60.003474000000004,78.898523
json,aiodrf,uvicorn,1,3,48934,64.84988299999999,82.94317099999999,612.142085
json,litestar,granian-asgi,1,3,758172,1.925088,2.244673,17.156446
json,drf-fastdrf,granian-wsgi,1,3,249943,11.863871999999999,16.859328,28.534289
json,drf-fastdrf,gunicorn-gthread,1,3,122421,40.683948,70.41344099999999,164.077886
json,fastapi,uvicorn,1,3,474928,3.003516,5.542784999999999,79.064793
json,ninja,granian-asgi,1,3,50455,53.513400000000004,60.493415,69.61582
json,fastapi,granian-asgi,1,3,489501,3.050549,3.461433,17.278392
json-10k,litestar,uvicorn,1,3,617572,2.342288,4.193715,56.856682
json-10k,aiodrf-fastdrf,uvicorn,1,3,88030,42.953646,53.250297,150.372348
json-10k,fastapi,uvicorn,1,3,417479,3.621678,6.298108999999999,82.871612
json-10k,drf-fastdrf,gunicorn-gthread,1,3,119363,42.294904,74.416817,118.44653199999999
json-10k,drf,granian-wsgi,1,3,167984,14.98241,19.96924,29.920572
json-10k,aiodrf,uvicorn,1,3,46211,65.898802,87.600893,739.3447669999999
json-10k,aiodrf,granian-asgi,1,3,46776,55.311467,59.345874,79.382171
json-10k,drf,gunicorn-gthread,1,3,97490,48.141796,80.64665699999999,143.52793499999999
json-10k,ninja,uvicorn,1,3,48863,66.292747,84.068094,549.011467
json-10k,litestar,granian-asgi,1,3,656099,2.331086,2.859846,15.863889999999998
json-10k,drf-fastdrf,granian-wsgi,1,3,236828,11.855568,16.864022,26.821948000000003
json-10k,fastapi,granian-asgi,1,3,441939,3.2289309999999998,3.7425789999999997,25.834899
json-10k,ninja,granian-asgi,1,3,47972,56.735607,61.765696,76.487268
json-10k,aiodrf-fastdrf,granian-asgi,1,3,79140,44.295779,51.286431,58.146306
db,drf-fastdrf,gunicorn-gthread,1,3,40463,37.367358,41.334644,45.656321
db,ninja,uvicorn,1,3,26759,78.727667,85.525151,132.082348
db,litestar,uvicorn,1,3,54617,27.903521,45.749818999999995,141.709389
db,fastapi,uvicorn,1,3,44577,63.100511999999995,88.562708,159.584376
db,drf,gunicorn-gthread,1,3,33278,64.030479,70.280705,88.18459100000001
db,drf-fastdrf,granian-wsgi,1,3,48546,29.355097999999998,30.689702999999998,32.833961
db,aiodrf,granian-asgi,1,3,21893,93.09631,102.507447,114.730969
db,ninja,granian-asgi,1,3,26918,80.425811,88.56241800000001,95.966227
db,aiodrf-fastdrf,granian-asgi,1,3,34044,49.73191,71.97405900000001,78.660074
db,aiodrf,uvicorn,1,3,21799,91.091775,101.948315,145.337099
db,fastapi,granian-asgi,1,3,44169,88.445486,139.05505100000002,200.02434399999999
db,litestar,granian-asgi,1,3,52616,69.81406299999999,105.323025,167.874891
db,drf,granian-wsgi,1,3,39183,40.569802,59.935083,77.89750199999999
db,aiodrf-fastdrf,uvicorn,1,3,34695,44.863787,72.762699,90.900744
articles,litestar,uvicorn,1,3,16152,126.946258,134.833389,181.983205
articles,aiodrf-fastdrf,granian-asgi,1,3,10103,164.28263900000002,176.356673,180.75158
articles,aiodrf,uvicorn,1,3,6922,224.846911,255.98215299999998,283.82798199999996
articles,aiodrf-fastdrf,uvicorn,1,3,10105,171.210152,183.911213,195.06781800000002
articles,drf,gunicorn-gthread,1,3,8669,197.793475,220.932487,235.430389
articles,ninja,uvicorn,1,3,8778,192.770223,233.241638,265.372634
articles,drf-fastdrf,gunicorn-gthread,1,3,11805,131.545898,142.449411,155.251692
articles,drf-fastdrf,granian-wsgi,1,3,12539,114.527184,132.37970900000002,145.549567
articles,litestar,granian-asgi,1,3,16534,125.85471000000001,149.163251,213.83359199999998
articles,fastapi,granian-asgi,1,3,14774,296.222985,409.555193,467.292506
articles,ninja,granian-asgi,1,3,8741,189.306752,202.000612,217.72461
articles,aiodrf,granian-asgi,1,3,7015,222.373455,234.22895599999998,244.64270199999999
articles,drf,granian-wsgi,1,3,9277,172.108488,178.731749,189.756917
articles,fastapi,uvicorn,1,3,14910,185.425057,225.76964999999998,280.028655
article-detail,drf-fastdrf,gunicorn-gthread,1,3,19538,78.441518,89.680104,99.342522
article-detail,litestar,uvicorn,1,3,24950,93.733181,103.44855799999999,107.97999
article-detail,aiodrf,granian-asgi,1,3,11554,154.0602,170.295611,175.40058199999999
article-detail,drf,granian-wsgi,1,3,16841,107.43150299999999,125.821126,150.368699
article-detail,aiodrf-fastdrf,granian-asgi,1,3,17863,105.209551,116.42711,140.742552
article-detail,ninja,granian-asgi,1,3,15285,126.438663,138.459861,145.658128
article-detail,fastapi,uvicorn,1,3,21793,115.626936,161.366485,204.541669
article-detail,aiodrf,uvicorn,1,3,11783,154.597329,170.532295,218.102279
article-detail,drf-fastdrf,granian-wsgi,1,3,21552,65.994276,67.909736,69.653915
article-detail,aiodrf-fastdrf,uvicorn,1,3,18032,109.836349,130.08935699999998,154.483869
article-detail,fastapi,granian-asgi,1,3,22121,189.520099,248.91747,341.303446
article-detail,litestar,granian-asgi,1,3,26065,91.866691,116.284476,130.57217400000002
article-detail,drf,gunicorn-gthread,1,3,15477,113.903176,125.556375,157.79199599999998
article-detail,ninja,uvicorn,1,3,15101,130.838768,160.93752899999998,252.161042
article-create,ninja,uvicorn,1,3,3000,208.296135,305.768667,309.606049
article-create,aiodrf-fastdrf,granian-asgi,1,3,3000,199.0422,213.09375,230.729472
article-create,drf-fastdrf,granian-wsgi,1,3,3000,159.50118999999998,165.350302,165.937321
article-create,ninja,granian-asgi,1,3,3000,221.290998,227.94673400000002,238.598607
article-create,aiodrf,uvicorn,1,3,3000,283.61545,329.10305,363.459842
article-create,drf-fastdrf,gunicorn-gthread,1,3,3000,170.723033,175.64355700000002,176.116202
article-create,fastapi,granian-asgi,1,3,3000,172.756561,216.800438,231.79787299999998
article-create,fastapi,uvicorn,1,3,3000,224.52367800000002,299.26107,382.79911500000003
article-create,aiodrf-fastdrf,uvicorn,1,3,3000,199.048598,216.40858599999999,233.27387099999999
article-create,litestar,granian-asgi,1,3,3000,161.36372,212.71504299999998,291.243676
article-create,aiodrf,granian-asgi,1,3,3000,269.829392,287.930194,291.309462
article-create,drf,gunicorn-gthread,1,3,3000,224.12804599999998,232.61285700000002,234.865628
article-create,drf,granian-wsgi,1,3,3000,199.482277,203.88577999999998,204.94179300000002
article-create,litestar,uvicorn,1,3,3000,160.613212,171.553796,223.26347199999998
jwt-article,drf-fastdrf,gunicorn-gthread,1,3,14545,101.538039,113.555387,126.565118
jwt-article,ninja,granian-asgi,1,3,11564,149.78079499999998,165.18012000000002,172.366547
jwt-article,aiodrf-fastdrf,uvicorn,1,3,12802,132.60391299999998,147.578036,181.71727700000002
jwt-article,aiodrf-fastdrf,granian-asgi,1,3,12674,128.007843,138.61290000000002,154.562347
jwt-article,fastapi,uvicorn,1,3,16107,154.976584,215.850824,276.559014
jwt-article,fastapi,granian-asgi,1,3,16307,213.74364300000002,294.39838000000003,453.322173
jwt-article,aiodrf,uvicorn,1,3,8676,192.091597,262.542348,306.95902800000005
jwt-article,litestar,granian-asgi,1,3,18701,111.52740299999999,120.285961,164.67478
jwt-article,litestar,uvicorn,1,3,17929,115.832675,120.380501,166.44299
jwt-article,drf,gunicorn-gthread,1,3,11595,141.48972600000002,152.034481,181.411019
jwt-article,drf-fastdrf,granian-wsgi,1,3,15670,92.980065,102.918575,106.576348
jwt-article,aiodrf,granian-asgi,1,3,8468,187.440075,194.04653399999998,199.62679699999998
jwt-article,drf,granian-wsgi,1,3,12425,128.735581,134.56954,142.806275
jwt-article,ninja,uvicorn,1,3,11934,148.80364500000002,158.51211600000002,200.540568
jwt-articles,litestar,granian-asgi,1,3,13272,144.864321,174.88323,223.155777
jwt-articles,aiodrf,uvicorn,1,3,5929,270.793814,373.438028,399.764486
jwt-articles,ninja,granian-asgi,1,3,7135,217.204164,228.328122,236.354885
jwt-articles,fastapi,granian-asgi,1,3,11733,406.578077,610.050408,739.997474
jwt-articles,drf,granian-wsgi,1,3,7711,205.185799,213.74953699999998,220.71687500000002
jwt-articles,ninja,uvicorn,1,3,7172,225.498711,259.849598,286.737847
jwt-articles,aiodrf-fastdrf,uvicorn,1,3,7558,233.516222,289.211799,321.971163
jwt-articles,litestar,uvicorn,1,3,12972,144.74003299999998,151.33592900000002,173.090635
jwt-articles,aiodrf,granian-asgi,1,3,5978,266.686404,278.54920100000004,286.773955
jwt-articles,drf-fastdrf,granian-wsgi,1,3,9925,144.082999,160.064779,163.61532300000002
jwt-articles,drf,gunicorn-gthread,1,3,7229,237.594592,261.837441,278.332109
jwt-articles,drf-fastdrf,gunicorn-gthread,1,3,9367,160.88118300000002,168.942069,178.120643
jwt-articles,aiodrf-fastdrf,granian-asgi,1,3,7799,216.776628,226.24731300000002,241.601637
jwt-articles,fastapi,uvicorn,1,3,11789,215.50102099999998,288.780529,357.584276
